device,name,value,synonyms
ZNLDP12LM,state,ON,"включать, врубать, запускать, активировать, замыкать"
ZNLDP12LM,state,OFF,"выключать, отключать, погасить, завершать, отсоединять"
ZNLDP12LM,color_temp,coolest,"холодный, ледяной, морозный"
ZNLDP12LM,color_temp,cool,"прохладный, свежий, бодрящий"
ZNLDP12LM,color_temp,neutral,"нейтральный, лояльный, спокойный"
ZNLDP12LM,color_temp,warmest,"горячий, жаркий, жгучий, пылкий"
ZNLDP12LM,power_outage_memory,ON,"включать, врубать, запускать, активировать, замыкать"
ZNLDP12LM,power_outage_memory,OFF,"выключать, отключать, погасить, завершать, отсоединять"
TS0505B_1,state,ON,"включать, врубать, запускать, активировать, замыкать"
TS0505B_1,state,OFF,"выключать, отключать, погасить, завершать, отсоединять"
TS0505B_1,color_temp,coolest,"холодный, ледяной, морозный"
TS0505B_1,color_temp,cool,"прохладный, свежий, бодрящий"
TS0505B_1,color_temp,neutral,"нейтральный, лояльный, спокойный"
TS0505B_1,color_temp,warm,"теплый, тепловатый, летний, знойный"
TS0505B_1,color_temp,warmest,"горячий, жаркий, жгучий, пылкий"
TS0505B_1,effect,blink,"мерцать, светиться, мигать, полыхать"
TS0505B_1,effect,breathe,"дышать, вдыхать, вздыхать, дыхание, бриз"
TS0505B_1,effect,okay,"окей, хорошо, ладно, круто, ясно"
TS0505B_1,effect,channel_change,"изменение канал, переключение канал, преобразование канал, трансформация канал"
TS0505B_1,effect,finish_effect,"завершить эффект, закончить эффект, окончить эффект, кончить эффект, завершить, закончить, окончить, кончить"
TS0505B_1,effect,stop_effect,"останавливать эффект, придерживать эффект, приостанавливать эффект, задерживать эффект, останавливать, приостанавливать, задерживать"
TS0505B_1,effect,colorloop,"цветной петля, разноцветность, многоцветность"
TS0505B_1,effect,stop_colorloop,"остановить цветной цикл, закончить цветной цикл, завершить цветной цикл, окончить, цветной цикл"
TS0505B_1,do_not_disturb,ON,"включать, врубать, запускать, активировать, замыкать"
TS0505B_1,do_not_disturb,OFF,"выключать, отключать, погасить, завершать, отсоединять"
TS0505B_1,color_power_on_behavior,initial,"исходный, начальный, отправной, первый, стартовый"
TS0505B_1,color_power_on_behavior,previous,"предыдущий, минувший, бывший, прежний, ранний, прошлый"
TS0505B_1,color_power_on_behavior,customized,"персонализировать, ранжировать, стандартизовать, изменять, персональный, необычный"
ZG-204ZL,sensitivity,low,"низкий, пониженный, занижать, приземистый"
ZG-204ZL,sensitivity,medium,"средний, умеренный, неприметный, посредственный"
ZG-204ZL,sensitivity,high,"высокий, завышенный, высоченный, максимальный"
SRHMP-I1,warning,mode,"режим, мера, положение, вариант, функция"
SRHMP-I1,warning,level,"уровень, ярус, степень, показатель, величина, ранг"
SRHMP-I1,warning,strobe_level,"уровень мигание, показатель мигание, ранг мигание"
SRHMP-I1,warning,strobe,"мигание, импульс, сигнал, вспышка, всплеск, возбуждение"
SRHMP-I1,warning,strobe_duty_cycle,"цикл мигание, круг мигание, цикличность мигание"
SRHMP-I1,warning,duration,"продолжительность, длительность, протяженность, длина, срок, долгота"
ZG-204ZL,occupancy,ON,"включать, врубать, запускать, активировать, замыкать"
ZG-204ZL,occupancy,OFF,"выключать, отключать, погасить, завершать, отсоединять"
ZG-204ZL,keep_time,10,"десять"
ZG-204ZL,keep_time,30,"тридцать"
ZG-204ZL,keep_time,60,"шестьдесят"
ZG-204ZL,keep_time,120,"сто двадцать"
SRHMP-I1,mode,stop,"стоп, остановка, тормоз"
SRHMP-I1,mode,burglar,"взломщик, вор, бандит, грабитель"
SRHMP-I1,mode,fire,"огонь, пожар, пламень"
SRHMP-I1,level,low,"низкий, пониженный, занижать, приземистый"
SRHMP-I1,level,medium,"средний, умеренный, неприметный, посредственный"
SRHMP-I1,level,high,"высокий, завышенный, высоченный, максимальный"
SRHMP-I1,level,very_high,"очень высокий, высоченный, макисмальный"
DY-RQ500A,gas,ON,"включать, врубать, запускать, активировать, замыкать"
DY-RQ500A,gas,OFF,"выключать, отключать, погасить, завершать, отсоединять"
DY-RQ500A,gas_value,numeric,"число, цифра, значение"
DY-RQ500A,self_test,ON,"включать, врубать, запускать, активировать, замыкать"
DY-RQ500A,self_test,OFF,"выключать, отключать, погасить, завершать, отсоединять"
DY-RQ500A,self_test_result,checking,"проверка"
DY-RQ500A,self_test_result,success,"успех"
DY-RQ500A,self_test_result,failure,"неудача"
DY-RQ500A,self_test_result,others,"иной"
DY-RQ500A,silence,ON,"включать, врубать, запускать, активировать, замыкать"
DY-RQ500A,silence,OFF,"выключать, отключать, погасить, завершать, отсоединять"
DY-RQ500A,alarm_ringtone,melody_1,"мелодия один, мотив один, песня один, музыка один, рингтон один"
DY-RQ500A,alarm_ringtone,melody_2,"мелодия два, мотив два, песня два, музыка два, рингтон два"
DY-RQ500A,alarm_ringtone,melody_3,"мелодия три, мотив три, песня три, музыка три, рингтон три"
DY-RQ500A,alarm_ringtone,melody_4,"мелодия четыре, мотив четыре, песня четыре, музыка четыре, рингтон четыре"
DY-RQ500A,alarm_ringtone,melody_5,"мелодия пять, мотив пять, песня пять, музыка пять, рингтон пять"
DY-RQ500A,preheat,ON,"включать, врубать, запускать, активировать, замыкать"
DY-RQ500A,preheat,OFF,"выключать, отключать, погасить, завершать, отсоединять"
SRHMP-I1,warning,"{mode: stop, burglar, fire}","{stop: стоп, остановка, тормоз, burglar: взломщик, вор, бандит, грабитель, fire: огонь, пожар, пламень}"
SRHMP-I1,warning,"{level: low, medium, high, very_high}","{low: низкий, пониженный, занижать, приземистый, medium: средний, умеренный, неприметный, посредственный, high: высокий, завышенный, высоченный, максимальный, very_high: очень высокий, высоченный, макисмальный}"